periodo,anio,trimestre,cuenta_capital,fuente,fecha_carga
2006T1,2006,1,10.399999999999999,INDEC_BDP_C01_CUENTA_CAPITAL,2026-06-09
2006T2,2006,2,39.9,INDEC_BDP_C01_CUENTA_CAPITAL,2026-06-09
2006T3,2006,3,45.43041210224308,INDEC_BDP_C01_CUENTA_CAPITAL,2026-06-09
2006T4,2006,4,1.8939157025577287,INDEC_BDP_C01_CUENTA_CAPITAL,2026-06-09
2007T1,2007,1,11.500000000000004,INDEC_BDP_C01_CUENTA_CAPITAL,2026-06-09
2007T2,2007,2,6.683196445401912,INDEC_BDP_C01_CUENTA_CAPITAL,2026-06-09
2007T3,2007,3,102.210715522771,INDEC_BDP_C01_CUENTA_CAPITAL,2026-06-09
2007T4,2007,4,0.7519770000000008,INDEC_BDP_C01_CUENTA_CAPITAL,2026-06-09
2008T1,2008,1,43.631,INDEC_BDP_C01_CUENTA_CAPITAL,2026-06-09
2008T2,2008,2,14.751144792002579,INDEC_BDP_C01_CUENTA_CAPITAL,2026-06-09
2008T3,2008,3,123.80000000000003,INDEC_BDP_C01_CUENTA_CAPITAL,2026-06-09
2008T4,2008,4,2.877871934875153,INDEC_BDP_C01_CUENTA_CAPITAL,2026-06-09
2009T1,2009,1,22.06829677346122,INDEC_BDP_C01_CUENTA_CAPITAL,2026-06-09
2009T2,2009,2,0.6000000000000001,INDEC_BDP_C01_CUENTA_CAPITAL,2026-06-09
2009T3,2009,3,54.716731891664914,INDEC_BDP_C01_CUENTA_CAPITAL,2026-06-09
2009T4,2009,4,2.5991993196064977,INDEC_BDP_C01_CUENTA_CAPITAL,2026-06-09
2010T1,2010,1,17.275787489199026,INDEC_BDP_C01_CUENTA_CAPITAL,2026-06-09
2010T2,2010,2,3.9,INDEC_BDP_C01_CUENTA_CAPITAL,2026-06-09
2010T3,2010,3,54.735,INDEC_BDP_C01_CUENTA_CAPITAL,2026-06-09
2010T4,2010,4,2.5670972475690377,INDEC_BDP_C01_CUENTA_CAPITAL,2026-06-09
2011T1,2011,1,16.4506,INDEC_BDP_C01_CUENTA_CAPITAL,2026-06-09
2011T2,2011,2,1.1500000000000001,INDEC_BDP_C01_CUENTA_CAPITAL,2026-06-09
2011T3,2011,3,44.622,INDEC_BDP_C01_CUENTA_CAPITAL,2026-06-09
2011T4,2011,4,0.5012462235649546,INDEC_BDP_C01_CUENTA_CAPITAL,2026-06-09
2012T1,2012,1,0.8500000000000005,INDEC_BDP_C01_CUENTA_CAPITAL,2026-06-09
2012T2,2012,2,22.19029956881956,INDEC_BDP_C01_CUENTA_CAPITAL,2026-06-09
2012T3,2012,3,28.495,INDEC_BDP_C01_CUENTA_CAPITAL,2026-06-09
2012T4,2012,4,-3.651255000000001,INDEC_BDP_C01_CUENTA_CAPITAL,2026-06-09
2013T1,2013,1,1.0157562184378577,INDEC_BDP_C01_CUENTA_CAPITAL,2026-06-09
2013T2,2013,2,0.26783750000000006,INDEC_BDP_C01_CUENTA_CAPITAL,2026-06-09
2013T3,2013,3,32.6452675,INDEC_BDP_C01_CUENTA_CAPITAL,2026-06-09
2013T4,2013,4,-0.5159874999999998,INDEC_BDP_C01_CUENTA_CAPITAL,2026-06-09
2014T1,2014,1,1.7280130000000002,INDEC_BDP_C01_CUENTA_CAPITAL,2026-06-09
2014T2,2014,2,16.017006592313237,INDEC_BDP_C01_CUENTA_CAPITAL,2026-06-09
2014T3,2014,3,39.69780832972555,INDEC_BDP_C01_CUENTA_CAPITAL,2026-06-09
2014T4,2014,4,-0.6457227883037213,INDEC_BDP_C01_CUENTA_CAPITAL,2026-06-09
2015T1,2015,1,9.552769999999999,INDEC_BDP_C01_CUENTA_CAPITAL,2026-06-09
2015T2,2015,2,2.710418188896123,INDEC_BDP_C01_CUENTA_CAPITAL,2026-06-09
2015T3,2015,3,38.524692834982666,INDEC_BDP_C01_CUENTA_CAPITAL,2026-06-09
2015T4,2015,4,1.1413187445868704,INDEC_BDP_C01_CUENTA_CAPITAL,2026-06-09
2016T1,2016,1,83.36852178607795,INDEC_BDP_C01_CUENTA_CAPITAL,2026-06-09
2016T2,2016,2,32.325525414736944,INDEC_BDP_C01_CUENTA_CAPITAL,2026-06-09
2016T3,2016,3,109.37907340542742,INDEC_BDP_C01_CUENTA_CAPITAL,2026-06-09
2016T4,2016,4,140.74146413121701,INDEC_BDP_C01_CUENTA_CAPITAL,2026-06-09
2017T1,2017,1,44.85354984260222,INDEC_BDP_C01_CUENTA_CAPITAL,2026-06-09
2017T2,2017,2,43.503717000431614,INDEC_BDP_C01_CUENTA_CAPITAL,2026-06-09
2017T3,2017,3,79.17834642375274,INDEC_BDP_C01_CUENTA_CAPITAL,2026-06-09
2017T4,2017,4,5.509669129019836,INDEC_BDP_C01_CUENTA_CAPITAL,2026-06-09
2018T1,2018,1,23.955289532250244,INDEC_BDP_C01_CUENTA_CAPITAL,2026-06-09
2018T2,2018,2,20.995039632250226,INDEC_BDP_C01_CUENTA_CAPITAL,2026-06-09
2018T3,2018,3,47.28618842225025,INDEC_BDP_C01_CUENTA_CAPITAL,2026-06-09
2018T4,2018,4,18.839000452250225,INDEC_BDP_C01_CUENTA_CAPITAL,2026-06-09
2019T1,2019,1,37.350322551103915,INDEC_BDP_C01_CUENTA_CAPITAL,2026-06-09
2019T2,2019,2,139.17555071776633,INDEC_BDP_C01_CUENTA_CAPITAL,2026-06-09
2019T3,2019,3,79.95015104776633,INDEC_BDP_C01_CUENTA_CAPITAL,2026-06-09
2019T4,2019,4,27.47127608123742,INDEC_BDP_C01_CUENTA_CAPITAL,2026-06-09
2020T1,2020,1,42.42611306019008,INDEC_BDP_C01_CUENTA_CAPITAL,2026-06-09
2020T2,2020,2,31.623968117434817,INDEC_BDP_C01_CUENTA_CAPITAL,2026-06-09
2020T3,2020,3,40.351523924032264,INDEC_BDP_C01_CUENTA_CAPITAL,2026-06-09
2020T4,2020,4,50.36086845166849,INDEC_BDP_C01_CUENTA_CAPITAL,2026-06-09
2021T1,2021,1,45.77750525194855,INDEC_BDP_C01_CUENTA_CAPITAL,2026-06-09
2021T2,2021,2,93.90228939670293,INDEC_BDP_C01_CUENTA_CAPITAL,2026-06-09
2021T3,2021,3,70.26724174242838,INDEC_BDP_C01_CUENTA_CAPITAL,2026-06-09
2021T4,2021,4,43.04098381674538,INDEC_BDP_C01_CUENTA_CAPITAL,2026-06-09
2022T1,2022,1,34.244606385735075,INDEC_BDP_C01_CUENTA_CAPITAL,2026-06-09
2022T2,2022,2,26.90949009999555,INDEC_BDP_C01_CUENTA_CAPITAL,2026-06-09
2022T3,2022,3,81.27592230954066,INDEC_BDP_C01_CUENTA_CAPITAL,2026-06-09
2022T4,2022,4,49.08451237347649,INDEC_BDP_C01_CUENTA_CAPITAL,2026-06-09
2023T1,2023,1,25.926238677759795,INDEC_BDP_C01_CUENTA_CAPITAL,2026-06-09
2023T2,2023,2,48.014513465229044,INDEC_BDP_C01_CUENTA_CAPITAL,2026-06-09
2023T3,2023,3,36.92844760924051,INDEC_BDP_C01_CUENTA_CAPITAL,2026-06-09
2023T4,2023,4,76.4090219970287,INDEC_BDP_C01_CUENTA_CAPITAL,2026-06-09
2024T1,2024,1,93.7171453706089,INDEC_BDP_C01_CUENTA_CAPITAL,2026-06-09
2024T2,2024,2,55.16395460501982,INDEC_BDP_C01_CUENTA_CAPITAL,2026-06-09
2024T3,2024,3,43.900396542088004,INDEC_BDP_C01_CUENTA_CAPITAL,2026-06-09
2024T4,2024,4,75.53561140504468,INDEC_BDP_C01_CUENTA_CAPITAL,2026-06-09
2025T1,2025,1,54.677797076286474,INDEC_BDP_C01_CUENTA_CAPITAL,2026-06-09
2025T2,2025,2,164.82925994083917,INDEC_BDP_C01_CUENTA_CAPITAL,2026-06-09
2025T3,2025,3,134.76603325622557,INDEC_BDP_C01_CUENTA_CAPITAL,2026-06-09
2025T4,2025,4,-9.085912919686379,INDEC_BDP_C01_CUENTA_CAPITAL,2026-06-09
