fecha,total_mill,salon_ventas_mill,online_mill,efectivo_mill,debito_mill,credito_mill,otros_mill,total_mill_yoy,salon_ventas_mill_yoy,online_mill_yoy,efectivo_mill_yoy,debito_mill_yoy,credito_mill_yoy,otros_mill_yoy
2017-01,27858.9,27591.7,267.1,10230.1,6864.6,9047.2,1717.0,,,,,,,
2017-02,25994.2,25749.2,245.0,9719.1,6438.5,8309.2,1527.5,,,,,,,
2017-03,27780.0,27472.2,307.8,10244.4,6908.5,8845.0,1782.0,,,,,,,
2017-04,29134.3,28827.5,306.8,10312.6,7454.3,9458.2,1909.2,,,,,,,
2017-05,27969.0,27569.3,399.7,10147.6,6735.7,9220.9,1864.7,,,,,,,
2017-06,29132.7,28763.9,368.8,10565.5,7337.5,9196.1,2033.7,,,,,,,
2017-07,31182.3,30815.3,367.0,10905.9,8183.0,10162.9,1930.5,,,,,,,
2017-08,31154.9,30763.4,391.5,11041.6,7899.4,10115.2,2098.7,,,,,,,
2017-09,30521.5,30135.6,385.9,10789.2,7888.2,9795.9,2048.2,,,,,,,
2017-10,32446.0,31980.2,465.8,11220.3,8695.5,11447.5,1082.7,,,,,,,
2017-11,33629.0,33122.4,506.6,11658.0,8324.3,12553.5,1093.2,,,,,,,
2017-12,40766.3,40320.3,446.0,13710.3,11070.1,14576.0,1409.9,,,,,,,
2018-01,32479.2,32103.1,376.1,11705.4,8391.9,11256.7,1125.2,16.58,16.35,40.81,14.42,22.25,24.42,-34.47
2018-02,31736.8,31357.4,379.4,10720.3,8607.9,11364.7,1044.0,22.09,21.78,54.86,10.3,33.69,36.77,-31.65
2018-03,36531.3,36055.4,475.9,12955.7,9144.0,13175.4,1256.2,31.5,31.24,54.61,26.47,32.36,48.96,-29.51
2018-04,34113.7,33622.3,491.5,11685.4,8980.7,12193.3,1254.4,17.09,16.63,60.2,13.31,20.48,28.92,-34.3
2018-05,35133.1,34407.4,725.8,11925.3,8668.1,13241.5,1298.2,25.61,24.8,81.59,17.52,28.69,43.6,-30.38
2018-06,38338.2,37744.8,593.4,13517.2,9513.9,13623.9,1683.2,31.6,31.22,60.9,27.94,29.66,48.15,-17.23
2018-07,39278.4,38696.7,581.8,14061.3,10619.0,13151.3,1446.8,25.96,25.58,58.53,28.93,29.77,29.4,-25.06
2018-08,39491.9,38852.7,639.2,13783.1,10164.6,13997.2,1547.0,26.76,26.3,63.27,24.83,28.68,38.38,-26.29
2018-09,39925.5,39313.0,612.5,14308.0,10187.5,14097.4,1332.7,30.81,30.45,58.72,32.61,29.15,43.91,-34.93
2018-10,43420.3,42646.5,773.8,15413.3,10495.4,16009.0,1502.6,33.82,33.35,66.12,37.37,20.7,39.85,38.78
2018-11,44849.4,44077.0,772.5,15412.7,11133.0,16773.6,1530.2,33.37,33.07,52.49,32.21,33.74,33.62,39.97
2018-12,57204.0,56452.4,751.6,19373.0,16252.2,19596.7,1982.1,40.32,40.01,68.52,41.3,46.81,34.44,40.58
2019-01,45433.6,44740.6,693.0,16005.6,11687.7,16222.4,1517.9,39.89,39.37,84.26,36.74,39.27,44.11,34.9
2019-02,44592.1,43914.2,678.0,15466.8,12330.6,15330.2,1464.6,40.51,40.04,78.7,44.28,43.25,34.89,40.29
2019-03,51065.7,50347.8,717.9,17737.3,13685.7,17969.6,1673.2,39.79,39.64,50.85,36.91,49.67,36.39,33.2
2019-04,49621.4,48939.6,681.8,17102.0,13152.3,17736.3,1630.8,45.46,45.56,38.72,46.35,46.45,45.46,30.01
2019-05,50778.3,49813.9,964.4,17247.8,13838.8,18013.0,1678.7,44.53,44.78,32.87,44.63,59.65,36.03,29.31
2019-06,54413.4,53591.7,821.7,17995.6,15507.0,19225.5,1685.3,41.93,41.98,38.47,33.13,62.99,41.12,0.12
2019-07,55044.5,54121.3,923.1,18549.0,15609.9,19194.6,1691.0,40.14,39.86,58.66,31.92,47.0,45.95,16.88
2019-08,59672.1,58647.9,1024.2,19745.3,16044.6,21781.4,2100.8,51.1,50.95,60.23,43.26,57.85,55.61,35.8
2019-09,57885.3,56887.8,997.5,19561.4,15872.0,20612.7,1839.1,44.98,44.7,62.86,36.72,55.8,46.22,38.0
2019-10,66325.6,65144.9,1180.7,21884.7,17749.7,24432.9,2258.2,52.75,52.76,52.58,41.99,69.12,52.62,50.29
2019-11,67943.7,66454.2,1489.5,22763.2,16506.7,26455.7,2218.1,51.49,50.77,92.82,47.69,48.27,57.72,44.95
2019-12,83524.6,82246.2,1278.5,27960.5,21105.0,31600.1,2859.1,46.01,45.69,70.1,44.33,29.86,61.25,44.25
2020-01,70145.0,69104.1,1040.9,25121.1,16421.7,26279.8,2322.4,54.39,54.46,50.2,56.95,40.5,62.0,53.0
2020-02,72494.4,71514.2,980.3,23982.9,18677.9,27241.0,2592.7,62.57,62.85,44.59,55.06,51.48,77.7,77.02
2020-03,85778.0,84174.9,1603.2,26532.6,22420.8,33716.8,3107.9,67.98,67.19,123.32,49.59,63.83,87.63,85.75
2020-04,75009.6,71799.0,3210.6,22263.6,20850.4,28559.5,3336.0,51.16,46.71,370.9,30.18,58.53,61.02,104.56
2020-05,78594.5,74966.6,3627.9,24917.7,19703.4,29750.7,4222.8,54.78,50.49,276.18,44.47,42.38,65.16,151.55
2020-06,78232.9,74554.9,3678.0,24031.4,20569.9,29332.6,4298.9,43.78,39.12,347.61,33.54,32.65,52.57,155.08
2020-07,81140.7,76413.7,4727.0,24935.7,22143.2,29569.2,4492.5,47.41,41.19,412.08,34.43,41.85,54.05,165.67
2020-08,80412.0,76406.5,4005.4,24868.4,21188.3,29644.4,4710.9,34.76,30.28,291.08,25.95,32.06,36.1,124.24
2020-09,77055.8,73111.4,3944.4,24268.5,20660.9,27583.6,4542.8,33.12,28.52,295.43,24.06,30.17,33.82,147.01
2020-10,89224.3,84622.6,4601.7,27348.1,23565.5,33253.7,5056.9,34.52,29.9,289.74,24.96,32.77,36.1,123.93
2020-11,91093.5,86255.3,4838.2,28832.5,23551.9,33470.5,5238.7,34.07,29.8,224.82,26.66,42.68,26.52,136.18
2020-12,115806.1,111830.2,3975.9,36284.8,31300.6,41558.7,6662.1,38.65,35.97,210.98,29.77,48.31,31.51,133.01
2021-01,98007.6,94524.5,3483.0,31878.4,26481.7,34421.6,5225.8,39.72,36.79,234.61,26.9,61.26,30.98,125.02
2021-02,92954.2,89908.1,3046.2,30090.4,26089.2,32111.9,4662.7,28.22,25.72,210.74,25.47,39.68,17.88,79.84
2021-03,107225.9,103243.2,3982.7,33646.7,28304.1,39721.3,5553.8,25.0,22.65,148.42,26.81,26.24,17.81,78.7
2021-04,106870.2,102742.2,4128.0,33030.7,28509.2,39528.4,5801.9,42.48,43.1,28.57,48.36,36.73,38.41,73.92
2021-05,110604.7,104997.7,5607.0,33391.0,29448.3,41132.6,6632.8,40.73,40.06,54.55,34.01,49.46,38.26,57.07
2021-06,116287.9,111477.6,4810.3,34735.1,32637.7,42074.2,6840.9,48.64,49.52,30.79,44.54,58.67,43.44,59.13
2021-07,125658.6,120904.1,4754.5,37973.5,37146.2,43727.3,6811.5,54.87,58.22,0.58,52.29,67.75,47.88,51.62
2021-08,124840.3,120181.5,4658.8,38180.6,35434.5,44242.6,6982.6,55.25,57.29,16.31,53.53,67.24,49.24,48.22
2021-09,123002.3,118585.5,4416.8,38080.8,34575.4,43445.9,6900.2,59.63,62.2,11.98,56.91,67.35,57.51,51.89
2021-10,140487.5,136000.6,4486.8,43323.3,39697.5,50159.8,7306.8,57.45,60.71,-2.5,58.41,68.46,50.84,44.49
2021-11,141702.0,135950.8,5751.2,43762.9,39925.2,50752.2,7261.6,55.56,57.61,18.87,51.78,69.52,51.63,38.61
2021-12,183983.2,178866.7,5116.4,56640.0,55432.2,62999.7,8911.3,58.87,59.94,28.69,56.1,77.1,51.59,33.76
2022-01,154517.1,149697.6,4819.5,46962.6,46053.7,54048.3,7452.5,57.66,58.37,38.37,47.32,73.91,57.02,42.61
2022-02,152202.6,148406.5,3796.0,46291.0,45283.6,53705.9,6922.1,63.74,65.06,24.61,53.84,73.57,67.25,48.46
2022-03,168982.5,164321.1,4661.4,51262.1,47364.4,62416.0,7940.0,57.59,59.16,17.04,52.35,67.34,57.13,42.97
2022-04,177192.3,173047.7,4144.6,53225.4,50071.8,65527.2,8368.0,65.8,68.43,0.4,61.14,75.63,65.77,44.23
2022-05,179641.6,175360.2,4281.3,52738.5,49886.8,68085.7,8930.5,62.42,67.01,-23.64,57.94,69.4,65.53,34.64
2022-06,196114.5,189510.3,6604.3,57393.7,56360.2,74521.2,7839.4,68.65,70.0,37.29,65.23,72.68,77.12,14.6
2022-07,228215.3,220952.5,7262.8,66584.2,68810.9,83375.9,9444.4,81.62,82.75,52.76,75.34,85.24,90.67,38.65
2022-08,225508.1,218261.2,7246.9,67237.5,67647.8,81596.1,9026.8,80.64,81.61,55.55,76.1,90.91,84.43,29.28
2022-09,232153.2,223841.3,8311.9,67655.2,70306.4,85278.0,8913.5,88.74,88.76,88.19,77.66,103.34,96.29,29.18
2022-10,265665.7,256894.8,8770.9,76003.9,81278.2,98485.0,9898.5,89.1,88.89,95.48,75.43,104.74,96.34,35.47
2022-11,284786.5,272973.8,11812.7,80653.1,83419.8,110394.7,10318.8,100.98,100.79,105.4,84.3,108.94,117.52,42.1
2022-12,359667.6,349050.8,10616.8,100319.8,115236.7,131276.4,12834.8,95.49,95.15,107.51,77.12,107.89,108.38,44.03
2023-01,316578.4,307263.8,9314.6,90638.7,99271.3,110961.2,15707.1,104.88,105.26,93.27,93.0,115.56,105.3,110.76
2023-02,318417.0,309570.1,8846.9,90540.3,99711.4,112669.4,15495.9,109.21,108.6,133.06,95.59,120.19,109.79,123.86
2023-03,363148.3,351601.0,11547.3,101935.9,109090.2,134679.9,17442.3,114.9,113.97,147.72,98.85,130.32,115.78,119.68
2023-04,385814.1,374859.1,10954.9,102160.9,121099.7,144221.1,18332.3,117.74,116.62,164.32,91.94,141.85,120.09,119.08
2023-05,388897.2,374434.4,14462.7,103143.7,117547.4,147520.5,20685.6,116.49,113.52,237.81,95.58,135.63,116.67,131.63
2023-06,425805.7,413277.0,12528.8,108531.2,134788.4,155279.4,27206.7,117.12,118.08,89.71,89.1,139.16,108.37,247.05
2023-07,482669.4,467388.1,15281.3,120214.9,155279.1,176226.9,30948.5,111.5,111.53,110.41,80.55,125.66,111.36,227.69
2023-08,537409.2,518751.7,18657.5,143218.7,164517.0,195137.1,34536.5,138.31,137.67,157.45,113.0,143.2,139.15,282.6
2023-09,580113.0,563540.3,16572.7,133303.1,198231.1,209784.4,38794.5,149.88,151.76,99.39,97.03,181.95,146.0,335.23
2023-10,708384.4,682264.3,26120.1,152398.8,240566.0,271297.9,44121.7,166.65,165.58,197.8,100.51,195.98,175.47,345.74
2023-11,764304.8,735686.1,28618.7,160073.1,254149.4,301311.7,48770.5,168.38,169.51,142.27,98.47,204.66,172.94,372.64
2023-12,1147057.7,1116024.8,31033.0,228219.9,393579.9,450747.7,74510.2,218.92,219.73,192.3,127.49,241.54,243.36,480.53
2024-01,1101738.0,1070336.9,31401.1,227859.4,352612.7,438858.5,82407.5,248.01,248.34,237.12,151.39,255.2,295.51,424.65
2024-02,1193012.0,1159627.6,33384.4,241894.5,375940.8,483850.4,91326.3,274.67,274.59,277.36,167.17,277.03,329.44,489.36
2024-03,1422933.0,1384251.3,38681.6,277545.8,438830.1,592791.1,113765.9,291.83,293.7,234.98,172.27,302.26,340.15,552.24
2024-04,1335118.2,1294639.3,40478.8,233019.0,410331.3,582608.4,109159.5,246.05,245.37,269.5,128.09,238.84,303.97,495.45
2024-05,1412879.7,1361031.1,51848.6,243597.9,425529.9,622775.7,120976.3,263.3,263.49,258.5,136.17,262.01,322.16,484.83
2024-06,1532919.3,1488530.9,44388.4,264957.8,465009.0,670053.2,132899.4,260.0,260.18,254.29,144.13,244.99,331.51,388.48
2024-07,1588377.4,1537405.5,50971.9,290357.1,461659.9,688936.6,147423.9,229.08,228.94,233.56,141.53,197.31,290.94,376.35
2024-08,1668468.3,1613894.7,54573.6,290108.8,456351.8,770315.3,151692.3,210.47,211.11,192.5,102.56,177.39,294.76,339.22
2024-09,1585125.6,1534438.2,50687.3,270907.2,425774.4,718083.0,170360.9,173.24,172.29,205.85,103.23,114.79,242.3,339.14
2024-10,1698370.0,1643182.2,55187.8,280682.5,447488.3,787023.5,183175.7,139.75,140.84,111.28,84.18,86.01,190.1,315.16
2024-11,1824221.8,1756117.8,68103.9,297479.2,456887.2,867514.4,202341.0,138.68,138.7,137.97,85.84,79.77,187.91,314.88
2024-12,2228212.7,2167790.9,60421.8,345093.0,662207.3,975026.6,245885.8,94.25,94.24,94.7,51.21,68.25,116.31,230.0
2025-01,1870036.2,1815675.6,54360.6,295670.2,539439.6,823016.1,211910.3,69.74,69.64,73.12,29.76,52.98,87.54,157.15
2025-02,1792366.1,1740067.5,52298.7,293655.6,499956.0,790402.4,208352.2,50.24,50.05,56.66,21.4,32.99,63.36,128.14
2025-03,2045404.1,1984442.8,60961.3,326403.0,552767.4,937125.4,229108.3,43.75,43.36,57.6,17.6,25.96,58.09,101.39
2025-04,1975378.4,1921361.4,54017.0,302985.9,528027.2,915234.2,229131.1,47.96,48.41,33.45,30.03,28.68,57.09,109.9
2025-05,1987424.3,1917328.2,70096.1,323506.4,529078.5,906931.3,227908.1,40.66,40.87,35.19,32.8,24.33,45.63,88.39
2025-06,2009502.3,1949403.8,60098.5,313700.7,545691.4,917527.8,232582.4,31.09,30.96,35.39,18.4,17.35,36.93,75.01
2025-07,2059033.3,1993847.1,65186.2,322013.9,587378.8,903077.7,246562.9,29.63,29.69,27.89,10.9,27.23,31.08,67.25
2025-08,2106920.6,2037395.8,69524.9,327599.8,547353.6,950704.9,281262.3,26.28,26.24,27.4,12.92,19.94,23.42,85.42
2025-09,1962363.0,1894031.1,68331.9,317903.0,518072.0,865406.5,260981.4,23.8,23.43,34.81,17.35,21.68,20.52,53.19
2025-10,2170966.8,2096199.3,74767.5,350538.3,559818.8,975596.8,285012.9,27.83,27.57,35.48,24.89,25.1,23.96,55.6
2025-11,2211322.3,2132007.3,79315.0,359135.2,557729.8,986982.4,307474.9,21.22,21.4,16.46,20.73,22.07,13.77,51.96
2025-12,2796110.4,2713064.6,83045.8,454381.3,730106.9,1220497.2,391125.0,25.49,25.15,37.44,31.67,10.25,25.18,59.07
2026-01,2339233.3,2276136.0,63097.3,400405.8,585091.8,1008091.3,345644.4,25.09,25.36,16.07,35.42,8.46,22.49,63.11
2026-02,2214141.6,2154052.2,60089.4,372732.7,552695.9,966076.1,322636.9,23.53,23.79,14.9,26.93,10.55,22.23,54.85
2026-03,2464000.0,2387076.5,76923.6,408840.3,610033.3,1107213.7,337912.6,20.47,20.29,26.18,25.26,10.36,18.15,47.49
