fecha,bocas,ventas_m2,personal,ticket_promedio,ticket_promedio_yoy,personal_yoy
2017-01,2975,8500.2737,71661007,388.7591,,
2017-02,2975,7931.3267,67522068,384.9734,,
2017-03,2975,8476.2103,73929065,375.7657,,
2017-04,2975,8889.4226,71804172,405.7462,,
2017-05,2975,8533.8773,69517279,402.3317,,
2017-06,2975,8888.9468,70208535,414.9455,,
2017-07,2975,9514.3158,72231673,431.6985,,
2017-08,2975,9505.9489,71848306,433.6203,,
2017-09,2975,9312.6942,69298656,440.4343,,
2017-10,2975,9899.8888,71766159,452.107,,
2017-11,2975,10260.8446,71818682,468.2484,,
2017-12,2975,12438.5831,77321338,527.2325,,
2018-01,2975,9910.0264,69628522,466.4641,19.99,-2.84
2018-02,2975,9683.511,67282202,471.6972,22.53,-0.36
2018-03,2975,11146.3944,75824640,481.7865,28.21,2.56
2018-04,2975,10408.755,70481967,484.0067,19.29,-1.84
2018-05,2975,10719.7937,69637233,504.5167,25.4,0.17
2018-06,2975,11697.7197,70828073,541.2855,30.45,0.88
2018-07,2957,12057.8997,72393183,542.5711,25.68,0.22
2018-08,2964,12114.2168,73233269,539.2618,24.36,1.93
2018-09,2980,12223.3213,71290876,560.0373,27.16,2.87
2018-10,2975,13298.6369,75310617,576.5489,27.52,4.94
2018-11,2972,13722.3618,73165774,612.984,30.91,1.88
2018-12,2973,17499.6021,79283350,721.5129,36.85,2.54
2019-01,2969,13891.6891,73551723,617.7098,32.42,5.63
2019-02,2969,13631.9453,68438171,651.5683,38.13,1.72
2019-03,2969,15611.051,74975014,681.1028,41.37,-1.12
2019-04,2969,15169.5255,73112718,678.6974,40.22,3.73
2019-05,2966,15520.909,70941504,715.777,41.87,1.87
2019-06,2968,16629.5097,70312728,773.8772,42.97,-0.73
2019-07,2969,16816.7121,71564612,769.1578,41.76,-1.14
2019-08,2969,18238.2481,74318973,802.9189,48.89,1.48
2019-09,2961,17699.9848,71289985,811.9697,44.98,-0.0
2019-10,2963,20278.2318,74509442,890.1634,54.4,-1.06
2019-11,2972,20757.686,74956794,906.4383,47.87,2.45
2019-12,2953,25715.004,80571561,1036.6517,43.68,1.62
2020-01,2949,21437.0448,72377596,969.1536,56.89,-1.6
2020-02,2946,22162.7406,71487022,1014.0922,55.64,4.45
2020-03,2948,26216.8775,64404773,1331.8583,95.54,-14.1
2020-04,2943,22930.8857,46040329,1629.215,140.05,-37.03
2020-05,2942,24029.5538,48558769,1618.5444,126.12,-31.55
2020-06,2942,23917.5164,49639518,1576.0197,103.65,-29.4
2020-07,2943,24800.8728,50327412,1612.2565,109.61,-29.68
2020-08,2944,24575.1321,52874353,1520.8124,89.41,-28.85
2020-09,2944,23546.2906,48198598,1598.714,96.89,-32.39
2020-10,2944,27260.1562,52893141,1686.8781,89.5,-29.01
2020-11,2950,27849.1149,53658506,1697.6527,87.29,-28.41
2020-12,2947,35368.7608,63835153,1814.1435,75.0,-20.77
2021-01,2948,29931.2077,59092889,1658.5343,71.13,-18.35
2021-02,2934,28398.5722,55748162,1667.3955,64.42,-22.02
2021-03,2930,32809.0213,61557003,1741.8958,30.79,-4.42
2021-04,2931,32633.1322,59136866,1807.1669,10.92,28.45
2021-05,2927,33879.8001,55660935,1987.1153,22.77,14.63
2021-06,2930,35637.9013,56123797,2071.9891,31.47,13.06
2021-07,2937,38490.7382,60574990,2074.4296,28.67,20.36
2021-08,2938,38223.2575,60544126,2061.9725,35.58,14.51
2021-09,2936,37501.171,59140371,2079.8357,30.09,22.7
2021-10,2935,42790.7363,63633303,2207.7667,30.88,20.31
2021-11,2936,43156.6385,63399102,2235.0784,31.66,18.15
2021-12,2947,55960.3697,72147569,2550.095,40.57,13.02
2022-01,2952,46982.3029,62868643,2457.7768,48.19,6.39
2022-02,2953,46296.0719,61191214,2487.3272,49.17,9.76
2022-03,2957,51393.1155,67194726,2514.8179,44.37,9.16
2022-04,2954,53947.2148,66911437,2648.1615,46.54,13.15
2022-05,2962,55061.3482,64129792,2801.2186,40.97,15.22
2022-06,2973,60102.7011,65477089,2995.1625,44.55,16.67
2022-07,2987,69769.6475,69838945,3267.7376,57.52,15.29
2022-08,2996,68886.2502,70623027,3193.1244,54.86,16.65
2022-09,3006,70816.6177,69163199,3356.5995,61.39,16.95
2022-10,3014,81004.2324,72681831,3655.1871,65.56,14.22
2022-11,3022,86878.697,71916618,3959.9534,77.17,13.43
2022-12,3050,109436.3053,78662252,4572.3025,79.3,9.03
2023-01,3056,96257.2179,73551107,4304.1961,75.13,16.99
2023-02,3066,96734.2983,70916630,4490.0187,80.52,15.89
2023-03,3072,110332.7536,78658993,4616.7428,83.58,17.06
2023-04,3081,117137.7327,76819441,5022.3493,89.65,14.81
2023-05,3095,117778.7178,74236366,5238.6343,87.01,15.76
2023-06,3103,128358.402,75210713,5661.5038,89.02,14.87
2023-07,3117,145163.2982,77815082,6202.7743,89.82,11.42
2023-08,3124,161557.8304,81403861,6601.7659,106.75,15.27
2023-09,3132,174171.7087,80548218,7202.0594,114.56,16.46
2023-10,3142,212226.5794,83340138,8499.9181,132.54,14.66
2023-11,3153,228300.7653,82624618,9250.328,133.6,14.89
2023-12,3156,342009.4865,88904340,12902.1569,182.18,13.02
2024-01,3155,328313.896,79737791,13817.0123,221.01,8.41
2024-02,3149,355451.662,75523343,15796.5996,251.82,6.5
2024-03,3151,423310.7876,80743833,17622.8067,281.72,2.65
2024-04,3154,396953.0281,76017980,17563.1892,249.7,-1.04
2024-05,3157,419937.1247,75964662,18599.1709,255.04,2.33
2024-06,3162,455338.8186,73695678,20800.668,267.41,-2.01
2024-07,3167,471613.4553,74177060,21413.3237,245.22,-4.68
2024-08,3170,494523.1019,73652224,22653.3323,243.14,-9.52
2024-09,3172,469716.45,69119549,22933.1009,218.42,-14.19
2024-10,3175,503148.7903,73231226,23191.8821,172.85,-12.13
2024-11,3181,539271.153,71781564,25413.5139,174.73,-13.12
2024-12,3183,654915.3425,77292710,28828.2391,123.44,-13.06
2025-01,3184,549381.9192,69821670,26783.0344,93.84,-12.44
2025-02,3184,526547.8918,65405435,27403.9325,73.48,-13.4
2025-03,3180,601806.5195,71821670,28478.9264,61.6,-11.05
2025-04,3179,581182.2651,69781479,28308.0613,61.18,-8.2
2025-05,3176,585160.77,67244801,29555.0627,58.91,-11.48
2025-06,3174,592113.9819,64575750,31118.5281,49.6,-12.38
2025-07,3166,607762.274,68558681,30033.1518,40.25,-7.57
2025-08,3162,621985.2508,68614917,30706.4517,35.55,-6.84
2025-09,3155,579762.3183,65197268,30098.8531,31.25,-5.67
2025-10,3140,643441.7986,68377000,31749.9574,36.9,-6.63
2025-11,3143,654750.6671,67388305,32814.6302,29.12,-6.12
2025-12,3152,825829.8762,75074970,37244.2421,29.19,-2.87
2026-01,3149,691118.442,67141548,34840.3246,30.08,-3.84
2026-02,3146,654645.6046,63156911,35057.7882,27.93,-3.44
2026-03,3144,728670.5337,68794617,35816.7563,25.77,-4.21
