fecha,serie_original,serie_original_mom,serie_original_yoy,serie_original_ytd_yoy,serie_desestacionalizada,serie_desestacionalizada_mom,serie_desestacionalizada_yoy,serie_desestacionalizada_ytd_yoy,serie_tendencia_ciclo,serie_tendencia_ciclo_mom,serie_tendencia_ciclo_yoy,serie_tendencia_ciclo_ytd_yoy
2016-01,117.05119421077302,,,,134.541765945225,,,,132.054838394386,,,
2016-02,118.90029357259574,1.58,,,131.979111778647,-1.9,,,131.381301246917,-0.51,,
2016-03,136.80623010580314,15.06,,,130.531995134505,-1.1,,,130.592055381237,-0.6,,
2016-04,132.0696490854989,-3.46,,,130.808621823051,0.21,,,129.735548690419,-0.66,,
2016-05,132.12673005161108,0.04,,,128.91115948001,-1.45,,,128.870595163139,-0.67,,
2016-06,124.9916505365282,-5.4,,,124.49423819016,-3.43,,,128.107246077287,-0.59,,
2016-07,126.76147447449927,1.42,,,126.808502358686,1.86,,,127.600041072846,-0.4,,
2016-08,133.7329827733621,5.5,,,124.455389512,-1.86,,,127.41996838286,-0.14,,
2016-09,135.51789212141713,1.33,,,128.105938938281,2.93,,,127.507713778854,0.07,,
2016-10,133.34114128281072,-1.61,,,127.720581393071,-0.3,,,127.781772040268,0.21,,
2016-11,134.73703178156455,1.05,,,131.066889644899,2.62,,,128.116405299556,0.26,,
2016-12,124.08230099201045,-7.91,,,130.448019715786,-0.47,,,128.452403213967,0.26,,
2017-01,115.72788011075902,-6.73,-1.13,-2.58,129.219957726518,-0.94,-3.96,-2.58,128.808788160909,0.28,-2.46,-2.58
2017-02,109.43840116663539,-5.43,-7.96,-3.64,125.56263804158,-2.83,-4.86,-3.64,129.260604575023,0.35,-1.61,-3.64
2017-03,135.7397555654156,24.03,-0.78,-2.66,129.265193020538,2.95,-0.97,-2.66,129.895229810239,0.49,-0.53,-2.66
2017-04,127.06229310335894,-6.39,-3.79,-2.32,129.674535260827,0.32,-0.87,-2.32,130.745259751679,0.65,0.78,-2.32
2017-05,137.32629188497592,8.08,3.94,-1.29,131.634958973179,1.51,2.11,-1.29,131.804034149862,0.81,2.28,-1.29
2017-06,134.50955603897785,-2.05,7.61,-0.11,132.811132367142,0.89,6.68,-0.11,132.966932679193,0.88,3.79,-0.11
2017-07,135.52441430007988,0.75,6.91,0.77,134.950134703419,1.61,6.42,0.77,134.062700427273,0.82,5.06,0.77
2017-08,143.01220222320006,5.53,6.94,1.5,133.2116145591,-1.29,7.04,1.5,134.955556827338,0.67,5.91,1.5
2017-09,140.47537228449835,-1.77,3.66,1.93,136.033503056742,2.12,6.19,1.93,135.536669352006,0.43,6.3,1.93
2017-10,142.91248117324935,1.73,7.18,2.36,134.332249688284,-1.25,5.18,2.36,135.769491975876,0.17,6.25,2.36
2017-11,141.4719289560601,-1.01,5.0,2.65,138.077325306649,2.79,5.35,2.65,135.676802784102,-0.07,5.9,2.65
2017-12,126.4041221015147,-10.65,1.87,2.76,136.616509586426,-1.06,4.73,2.76,135.303490994965,-0.28,5.33,2.76
2018-01,120.49879049928444,-4.67,4.12,3.49,131.626868356681,-3.65,1.86,3.49,134.685646220907,-0.46,4.56,3.49
2018-02,116.47032626071217,-3.34,6.43,4.24,132.233576416581,0.46,5.31,4.24,133.830366935793,-0.64,3.54,4.24
2018-03,137.87384466026174,18.38,1.57,3.63,134.108664241934,1.42,3.75,3.63,132.72239012903,-0.83,2.18,3.63
2018-04,132.09178628946967,-4.19,3.96,3.3,133.01503101915,-0.82,2.58,3.3,131.344089803553,-1.04,0.46,3.3
2018-05,135.86546669164358,2.86,-1.06,2.36,130.533797625948,-1.87,-0.84,2.36,129.680039204346,-1.27,-1.61,2.36
2018-06,123.7285406594831,-8.93,-8.02,0.92,124.659217152276,-4.5,-6.14,0.92,127.746064358988,-1.49,-3.93,0.92
2018-07,126.78055488105136,2.47,-6.45,-0.28,123.125982462378,-1.23,-8.76,-0.28,125.625036552972,-1.66,-6.29,-0.28
2018-08,134.230175656126,5.88,-6.14,-1.19,123.976931033877,0.69,-6.93,-1.19,123.417100424109,-1.76,-8.55,-1.19
2018-09,122.79085973979822,-8.52,-12.59,-2.34,122.321335168737,-1.34,-10.08,-2.34,121.333773790032,-1.69,-10.48,-2.34
2018-10,130.95087535592188,6.65,-8.37,-3.16,120.180342624908,-1.75,-10.54,-3.16,119.603056607334,-1.43,-11.91,-3.16
2018-11,121.7206486951649,-7.05,-13.96,-4.17,117.543800655682,-2.19,-14.87,-4.17,118.41946767489,-0.99,-12.72,-4.17
2018-12,107.65050820288417,-11.56,-14.84,-4.99,117.059788585633,-0.41,-14.32,-4.99,117.881405935569,-0.45,-12.88,-4.99
2019-01,107.03848029567479,-0.57,-11.17,-11.38,117.792449997131,0.63,-10.51,-11.38,117.954121715012,0.06,-12.42,-11.38
2019-02,106.67393616491125,-0.34,-8.41,-10.43,121.18497994433,2.88,-8.36,-10.43,118.460633419878,0.43,-11.48,-10.43
2019-03,118.4180246331019,11.01,-14.11,-10.97,118.559666238706,-2.17,-11.59,-10.97,119.126344270001,0.56,-10.24,-10.97
2019-04,120.37257298567555,1.65,-8.87,-10.64,118.191024165649,-0.31,-11.14,-10.64,119.652996721211,0.44,-8.9,-10.64
2019-05,126.47961261497039,5.07,-6.91,-9.96,120.965419137688,2.35,-7.33,-9.96,119.869795105979,0.18,-7.56,-9.96
2019-06,114.85187278421954,-9.19,-7.17,-9.31,119.291149279137,-1.38,-4.31,-9.31,119.739123490811,-0.11,-6.27,-9.31
2019-07,124.59825669196819,8.49,-1.72,-8.52,118.123253291282,-0.98,-4.06,-8.52,119.29394026296,-0.37,-5.04,-8.52
2019-08,125.6565333781152,0.85,-6.39,-8.09,118.12603116333,0.0,-4.72,-8.09,118.595397254054,-0.59,-3.91,-8.09
2019-09,116.66765831856677,-7.15,-4.99,-7.76,113.938182342809,-3.55,-6.85,-7.76,117.662323267472,-0.79,-3.03,-7.76
2019-10,128.57781819763605,10.21,-1.81,-7.21,118.18029684927,3.72,-1.66,-7.21,116.443720573261,-1.04,-2.64,-7.21
2019-11,116.4504456095095,-9.43,-4.33,-6.87,114.925789778477,-2.75,-2.23,-6.87,114.88925425406,-1.33,-2.98,-6.87
2019-12,109.19722086584407,-6.23,1.44,-6.45,115.887756349164,0.84,-1.0,-6.45,112.967554581522,-1.67,-4.17,-6.45
2020-01,106.96676586826234,-2.04,-0.07,-2.31,117.133977363827,1.08,-0.56,-2.31,110.760228157471,-1.95,-6.1,-2.31
2020-02,105.96615315429496,-0.94,-0.66,-3.15,118.075136335691,0.8,-2.57,-3.15,108.51164473664,-2.03,-8.4,-3.15
2020-03,98.85080173419037,-6.71,-16.52,-7.32,95.8773573774975,-18.8,-19.13,-7.32,106.604308514517,-1.76,-10.51,-7.32
2020-04,80.3695831755266,-18.7,-33.23,-12.13,78.6094013461529,-18.01,-33.49,-12.13,105.45071333387,-1.08,-11.87,-12.13
2020-05,93.39727057897797,16.21,-26.16,-13.79,94.5852500817701,20.32,-21.81,-13.79,105.312254213824,-0.13,-12.14,-13.79
2020-06,107.68552518388505,15.3,-6.24,-13.08,106.418220670156,12.51,-10.79,-13.08,106.24789434712,0.89,-11.27,-13.08
2020-07,116.4396784123465,8.13,-6.55,-12.3,109.394989930511,2.8,-7.39,-12.3,108.16206244842,1.8,-9.33,-12.3
2020-08,116.62865541586976,0.16,-7.18,-11.53,112.206195865805,2.57,-5.01,-11.53,110.785672166461,2.43,-6.59,-11.53
2020-09,120.98271248501304,3.73,3.7,-10.24,114.584700473927,2.12,0.57,-10.24,113.735206706732,2.66,-3.34,-10.24
2020-10,124.93316804669958,3.27,-2.83,-9.32,117.200023085017,2.28,-0.83,-9.32,116.661842686945,2.57,0.19,-9.32
2020-11,121.63746716478752,-2.64,4.45,-8.09,121.306396801625,3.5,5.55,-8.09,119.290331196167,2.25,3.83,-8.09
2020-12,115.3045653308336,-5.21,5.59,-7.01,119.755390184719,-1.28,3.34,-7.01,121.458353197082,1.82,7.52,-7.01
2021-01,111.77271865397569,-3.06,4.49,8.52,128.501041898961,7.3,9.7,8.52,123.119655712032,1.37,11.16,8.52
2021-02,107.75378473233181,-3.6,1.69,7.86,124.42011201279,-3.18,5.37,7.86,124.308796333402,0.97,14.56,7.86
2021-03,131.64720668610988,22.17,33.18,13.8,125.78371164265,1.1,31.19,13.8,125.098333522848,0.64,17.35,13.8
2021-04,125.52085964453052,-4.65,56.18,19.73,122.945181598905,-2.26,56.4,19.73,125.565781105036,0.37,19.08,19.73
2021-05,121.68405865362826,-3.06,30.29,20.99,122.905084253413,-0.03,29.94,20.99,125.804819311712,0.19,19.46,20.99
2021-06,128.59837307531353,5.68,19.42,20.65,126.80307252885,3.17,19.16,20.65,125.937324599101,0.11,18.53,20.65
2021-07,131.05026656085312,1.91,12.55,19.75,126.301073118786,-0.4,15.45,19.75,126.04566216622,0.09,16.53,19.75
2021-08,132.9987929128236,1.49,14.04,18.87,125.213077055573,-0.86,11.59,18.87,126.225701615163,0.14,13.94,18.87
2021-09,132.80407745438578,-0.15,9.77,17.85,126.487806826994,1.02,10.39,17.85,126.592919682036,0.29,11.3,17.85
2021-10,130.03163702788962,-2.09,4.08,16.62,126.070772524763,-0.33,7.57,16.62,127.222283301546,0.5,9.05,16.62
2021-11,133.5955966896043,2.74,9.83,15.76,129.708549105279,2.89,6.93,15.76,128.121182887965,0.71,7.4,15.76
2021-12,127.32258878895958,-4.7,10.42,15.13,131.250733963979,1.19,9.6,15.13,129.271878563574,0.9,6.43,15.13
2022-01,110.45223892022884,-13.25,-1.18,1.22,126.821214330612,-3.37,-1.31,1.22,130.563195465176,1.0,6.05,1.22
2022-02,116.86553670599886,5.81,8.46,4.14,133.127599871082,4.97,7.0,4.14,131.844125057992,0.98,6.06,4.14
2022-03,136.06417977063688,16.43,3.36,4.25,130.594601592523,-1.9,3.82,4.25,132.940936690702,0.83,6.27,4.25
2022-04,131.11057688323166,-3.64,4.45,4.68,131.387162283357,0.61,6.87,4.68,133.700338993405,0.57,6.48,4.68
2022-05,135.95623391042966,3.7,11.73,5.57,134.329673134266,2.24,9.3,5.57,134.019736942654,0.24,6.53,5.57
2022-06,137.74172355073372,1.31,7.11,5.81,136.274387183499,1.45,7.47,5.81,133.839384654127,-0.13,6.27,5.81
2022-07,137.83236809148204,0.07,5.18,5.88,136.366088903209,0.07,7.97,5.88,133.232819636412,-0.45,5.7,5.88
2022-08,142.69539492532036,3.53,7.29,5.89,132.166003613143,-3.08,5.55,5.89,132.40761405968,-0.62,4.9,5.89
2022-09,137.89850280383965,-3.36,3.84,5.63,130.474551768028,-1.28,3.15,5.63,131.621067795509,-0.59,3.97,5.63
2022-10,133.92179942776679,-2.88,2.99,5.36,129.812381220639,-0.51,2.97,5.36,131.112111745778,-0.39,3.06,5.36
2022-11,134.14810212988814,0.17,0.41,4.94,129.458427461706,-0.27,-0.19,4.94,131.029748339799,-0.06,2.27,4.94
2022-12,123.35551311628166,-8.05,-3.12,4.45,130.183531143674,0.56,-0.81,4.45,131.376507554313,0.26,1.63,4.45
2023-01,117.35959829400518,-4.86,6.25,3.36,130.801605044482,0.47,3.14,3.36,132.025579912941,0.49,1.12,3.36
2023-02,114.97961805150167,-2.03,-1.61,1.17,130.552666263527,-0.19,-1.93,1.17,132.762221732483,0.56,0.7,1.17
2023-03,140.60284318567005,22.29,3.34,1.55,134.739382175333,3.21,3.17,1.55,133.312788067491,0.41,0.28,1.55
2023-04,133.35350382480027,-5.16,1.71,1.68,137.451451200789,2.01,4.62,1.68,133.456937308035,0.11,-0.18,1.68
2023-05,137.3370382911086,2.99,1.02,1.28,132.994122142165,-3.24,-0.99,1.28,133.075764904051,-0.29,-0.7,1.28
2023-06,134.27318455353014,-2.23,-2.52,0.67,132.225898854092,-0.58,-2.97,0.67,132.16494417927,-0.68,-1.25,0.67
2023-07,132.37164756745275,-1.42,-3.96,0.07,130.299300356729,-1.46,-4.45,0.07,130.788249297542,-1.04,-1.83,0.07
2023-08,138.3630070813502,4.53,-3.04,-0.33,127.664409964745,-2.02,-3.41,-0.33,128.988568308444,-1.38,-2.58,-0.33
2023-09,133.61988928272442,-3.43,-3.1,-0.59,128.791300976128,0.88,-1.29,-0.59,126.822042863234,-1.68,-3.65,-0.59
2023-10,133.0091904493393,-0.46,-0.68,-0.82,126.201214747928,-2.01,-2.78,-0.82,124.36718311043,-1.94,-5.14,-0.82
2023-11,127.5781512965671,-4.08,-4.9,-1.25,123.253836833997,-2.34,-4.79,-1.25,121.732867495867,-2.12,-7.1,-1.25
2023-12,107.40382708053018,-15.81,-12.93,-2.01,117.378649373303,-4.77,-9.84,-2.01,119.059099040569,-2.2,-9.38,-2.01
2024-01,102.98323083293734,-4.12,-12.25,-12.43,113.387919743705,-3.4,-13.31,-12.43,116.55537192103,-2.1,-11.72,-12.43
2024-02,103.75102024796449,0.75,-9.77,-12.31,113.933424863671,0.48,-12.73,-12.31,114.485183185851,-1.78,-13.77,-12.31
2024-03,110.46572537113644,6.47,-21.43,-14.36,110.896847446482,-2.67,-17.7,-14.36,113.11380712932,-1.2,-15.15,-14.36
2024-04,111.2965219356007,0.75,-16.54,-15.13,110.233855418372,-0.6,-19.8,-15.13,112.611886368964,-0.44,-15.62,-15.13
2024-05,116.71976927266223,4.87,-15.01,-15.17,111.815525674602,1.43,-15.92,-15.17,112.974593948779,0.32,-15.11,-15.17
2024-06,107.09903168407163,-8.24,-20.24,-15.39,111.726319149456,-0.08,-15.5,-15.39,114.067679532941,0.97,-13.69,-15.39
2024-07,125.0796687823528,16.79,-5.51,-14.48,117.51789749822,5.18,-9.81,-14.48,115.654925532801,1.39,-11.57,-14.48
2024-08,128.73308622570693,2.92,-6.96,-13.57,120.274428701885,2.35,-5.79,-13.57,117.433887468346,1.54,-8.96,-13.57
2024-09,125.23673630937817,-2.72,-6.27,-12.74,121.781637291278,1.25,-5.44,-12.74,119.103861972916,1.42,-6.09,-12.74
2024-10,130.31068482170923,4.05,-2.03,-11.79,121.285912260921,-0.41,-3.89,-11.79,120.439806148215,1.12,-3.16,-11.79
2024-11,125.39541977505476,-3.77,-1.71,-10.83,123.13750144717,1.53,-0.09,-10.83,121.334629483967,0.74,-0.33,-10.83
2024-12,116.72631144153107,-6.91,8.68,-9.64,123.505255257714,0.3,5.22,-9.64,121.791736489497,0.38,2.3,-9.64
2025-01,110.69962456258726,-5.16,7.49,6.14,120.787761319884,-2.2,6.53,6.14,121.891388712535,0.08,4.58,6.14
2025-02,109.98952220636919,-0.64,6.01,6.6,123.939819769685,2.61,8.78,6.6,121.709422454619,-0.15,6.31,6.6
2025-03,116.26302880852202,5.7,5.25,6.38,116.781437387447,-5.78,5.31,6.38,121.310293693687,-0.33,7.25,6.38
2025-04,121.50665772034178,4.51,9.17,6.89,119.932329666259,2.7,8.8,6.89,120.759321720688,-0.45,7.23,6.89
2025-05,124.03536965795828,2.08,6.27,6.94,121.744822000479,1.51,8.88,6.94,120.10165354081,-0.54,6.31,6.94
2025-06,117.44259657087005,-5.32,9.66,6.98,119.926167746843,-1.49,7.34,6.98,119.36536055085,-0.61,4.64,6.98
2025-07,124.23392510659026,5.78,-0.68,5.97,116.691052121325,-2.7,-0.7,5.97,118.566639767131,-0.67,2.52,5.97
2025-08,123.32398524576007,-0.73,-4.2,4.91,118.250859227568,1.34,-1.68,4.91,117.778952972714,-0.66,0.29,4.91
2025-09,124.90056326666301,1.28,-0.27,4.14,118.110687215878,-0.12,-3.01,4.14,117.105225572275,-0.57,-1.68,4.14
2025-10,126.71386014394714,1.45,-2.76,3.36,117.123571539493,-0.84,-3.43,3.36,116.634420297535,-0.4,-3.16,3.36
2025-11,114.41752657863128,-9.7,-8.75,2.44,115.998690248225,-0.96,-5.8,2.44,116.435652718764,-0.17,-4.04,2.44
2025-12,112.02899423914869,-2.09,-4.02,1.82,116.135780601537,0.12,-5.97,1.82,116.533158741701,0.08,-4.32,1.82
2026-01,106.46527544008813,-4.97,-3.83,-3.15,118.92428393754,2.4,-1.54,-3.15,116.850822153146,0.27,-4.14,-3.15
2026-02,100.2315981332693,-5.86,-8.87,-4.83,115.050733718776,-3.26,-7.17,-4.83,117.253485650024,0.34,-3.66,-4.83
2026-03,122.09767427368821,21.82,5.02,-2.74,119.730390071717,4.07,2.53,-2.74,117.602897625192,0.3,-3.06,-2.74
2026-04,118.43596690689401,-3.0,-2.53,-2.64,117.546710546709,-1.82,-1.99,-2.64,117.765550131776,0.14,-2.48,-2.64
2026-05,116.97545167246784,-1.23,-5.69,-2.84,118.030610960469,0.41,-3.05,-2.84,117.699986337557,-0.06,-2.0,-2.84
